time	rss
0	483328
101114197	362823680
201150496	726417408
301148888	1096564736
401147683	1464352768
501147646	1762279424
601145364	1762279424
701128687	1762279424
801144319	1762279424
901146285	1762279424
1001148848	1762279424
1101142603	1762279424
1201147808	1762279424
1301145278	1762279424
1401143863	1762279424
1501145067	1762279424
1601147557	1762279424
1701126373	1762279424
1801143155	1762279424
1901132852	1762279424
2001129437	1762279424
2101136089	1762279424
2201132866	1762279424
2301148010	1762279424
2401142658	1762279424
2501146174	1762279424
2601143774	1762279424
2701123682	1762279424
2801141951	1762279424
2901140582	1762279424
3001145156	1762279424
3101141529	1762279424
3201147256	1762279424
3301144069	1762279424
3401142398	1762279424
3501142714	1762279424
3601137112	1762279424
3701132919	1762279424
3801137049	1762279424
3901136530	1762279424
4001133954	1762279424
4101135322	1762279424
4201136550	1762279424
4301130881	1762279424
4401141373	1762279424
4501141270	1762279424
4601147410	1762279424
4701146319	1762279424
4801145437	1762279424
4901144914	1762279424
5001134039	1762279424
5101135459	1762279424
5201134857	1762279424
5301149089	1762279424
5401142856	1762279424
5501133756	1762279424
5601139388	1762279424
5701141394	1762279424
5801144888	1762279424
5901184390	1762279424
6001143990	1762279424
6101145675	1762279424
6201146659	1762279424
6301136863	1762279424
6401159347	1762279424
6501154919	1762279424
6601155444	1762279424
6701127532	1762279424
6801149972	1762279424
6901147435	1762279424
7001152305	1762279424
7101151658	1762279424
7201127634	1762279424
7301147719	1762279424
7401124979	1762279424
7501147486	1762279424
7601147900	1762279424
7701149583	1762279424
7801149553	1762279424
7901137861	1762279424
8001138515	1762279424
8101137711	1762279424
8201137965	1762279424
8301153390	1762279424
8401152203	1762279424
8501147414	1762279424
8601155628	1762279424
8701152862	1762279424
8801151565	1762279424
8901151056	1762279424
9001205410	1762279424
9101135239	1762279424
9201160623	1762279424
9301341555	1762279424
9401147454	1762279424
9501146667	1762279424
9601146949	1762279424
9701142227	1762279424
9801139264	1762279424
9901139820	1762279424
10001135295	1762279424
10101132565	1762279424
10201135687	1762279424
10301133244	1762279424
10401135349	1762279424
10501137071	1762279424
10601140173	1762279424
10701136447	1762279424
10801138716	1762279424
10901139167	1762279424
11001139557	1762279424
11101134485	1762279424
11201136846	1762279424
11301140288	1762279424
11401138479	1762279424
11501140107	1762279424
11601137083	1762279424
11701134894	1762279424
11801154193	1762279424
11901152494	1762279424
12003926194	1762279424
12101134600	1762279424
12201136501	1762279424
12301159420	1762279424
12401129779	1762279424
12501149276	1762279424
12601148770	1762279424
12701127457	1762279424
12801147156	1762279424
12901149565	1762279424
13001152592	1762279424
13101150889	1762279424
13201149645	1762279424
13301145998	1762279424
13401150862	1762279424
13501147460	1762279424
13601148021	1762279424
13701151404	1762279424
13801149992	1762279424
13901132744	1762279424
14001131808	1762279424
14101133079	1762279424
14201136780	1762279424
14301156450	1762279424
14401148303	1762279424
14501140783	1762279424
14601166210	1762279424
14701136741	1762279424
14801139081	1762279424
14901137120	1762279424
15001137207	1762279424
15101135325	1762279424
15201134386	1762279424
15301138321	1762279424
15401135494	1762279424
15501134977	1762279424
15601136159	1762279424
15701134245	1762279424
15801135325	1762279424
15901136291	1762279424
16001136303	1762279424
16101136447	1762279424
16201135883	1762279424
16301134840	1762279424
16401139705	1762279424
16501135538	1762279424
16601137578	1762279424
16701139523	1762279424
16801139200	1762279424
16901138065	1762279424
17001136151	1762279424
17101139678	1762279424
17201146525	1762279424
17301149176	1762279424
17401138901	1762279424
17501136489	1762279424
17601138166	1762279424
17701134425	1762279424
17801154473	1762279424
17901323466	1762279424
18001331115	1762279424
18101149043	1762279424
18201145453	1762279424
18301144465	1762279424
18401147951	1762279424
18501145035	1762279424
18601150394	1762279424
18701134706	1762279424
18801154429	1762279424
18901145224	1762279424
19001148612	1762279424
19101139691	1762279424
19201138507	1762242560
19301141770	1762242560
19401139569	1762242560
19501137205	1762242560
19601139977	1762242560
19701136226	1762242560
19801156861	1762242560
19901144587	1762242560
20001149786	1762242560
20101143329	1762242560
20201139663	1762242560
20301156283	1762242560
20401142636	1762242560
20501145362	1762242560
20601140904	1762242560
20701142516	1762242560
20801156120	1762242560
20901151056	1762242560
21001146704	1762242560
21101147195	1762242560
21201132120	1762242560
21301143921	1762242560
21401150179	1762242560
21501150784	1762242560
21601153080	1762242560
21701145200	1762242560
21801143600	1762242560
21901136405	1762242560
22001132925	1762242560
22101138739	1762242560
22201141336	1762242560
22301135911	1762242560
22401159443	1762242560
22501145417	1762242560
22601137526	1762242560
22701339802	1762242560
22801141717	1762242560
22901139859	1762242560
23001383284	1762242560
23101138857	1762242560
23201146753	1762242560
23301159216	1762242560
23401149411	1762242560
23501146382	1762242560
23601149634	1762242560
23701149159	1762242560
23801146163	1762242560
23901145828	1762242560
24001146172	1762242560
24101140235	1762242560
24201139472	1762242560
24301138288	1762242560
24401140061	1762242560
24501138788	1762242560
24601140738	1762242560
24701136180	1762242560
24801139452	1762242560
24901140105	1762242560
25001141524	1762242560
25101134514	1762242560
25201137193	1762242560
25301138861	1762242560
25401140477	1762242560
25501137269	1762242560
25601138654	1762242560
25701132774	1762242560
25801153911	1762242560
25901143545	1762242560
26001149324	1762242560
26101145369	1762242560
26201130013	1762242560
26301146726	1762242560
26401145854	1762242560
26501141811	1762242560
26601147333	1762242560
26701127556	1762242560
26801144883	1762242560
26901147816	1762242560
27001144399	1762242560
27101150854	1762242560
27201128286	1762242560
27301146151	1762242560
27401137029	1762242560
27501136305	1762242560
27601132351	1762242560
27701133465	1762242560
27801140187	1762242560
27901138791	1762242560
28001140352	1762242560
28101139194	1762242560
28201139721	1762242560
28301136654	1762242560
28401341997	1762242560
28501138124	1762242560
28601139996	1762242560
28701133264	1762242560
28801139787	1762242560
28901149093	1762242560
29001135996	1762242560
29101132754	1762242560
29201329885	1762242560
29301137617	1762242560
29401140402	1762242560
29501134465	1762242560
29601137753	1762242560
29701138289	1762242560
29801154836	1762242560
29901147999	1762242560
30001147545	1762242560
30101140086	1762242560
30201138595	1762242560
30301139710	1762242560
30401140453	1762242560
30501302359	1762242560
30601144608	1762242560
30701147549	1762242560
30801142905	1762242560
30901144878	1762242560
31001143831	1762242560
31101146383	1762242560
31201144818	1762242560
31301308358	1762242560
31401136942	1762242560
31501134738	1762242560
31601135857	1762242560
31701133441	1762242560
31801155916	1762242560
31901148609	1762242560
32001134483	1762242560
32101155676	1762242560
32201145616	1762242560
32301146596	1762242560
32401145619	1762242560
32501147835	1762242560
32601144222	1762242560
32701129622	1762242560
32801148789	1762242560
32901130086	1762242560
33001146859	1762242560
33101142838	1762242560
33201356292	1762242560
33301139081	1762242560
33401136984	1762242560
33501134024	1762242560
33601133266	1762242560
33701131701	1762242560
33801138538	1762242560
33901139725	1762242560
34001136349	1762242560
34101136894	1762242560
34201133574	1762242560
34301138802	1762242560
34401134600	1762242560
34501137283	1762242560
34601138918	1762242560
34701137164	1762242560
34801152370	1762242560
34901126642	1762242560
35001225531	1762242560
35101144577	1762242560
35201126708	1762242560
35301142679	1762242560
35401143063	1762242560
35501145929	1762242560
35601143126	1762242560
35701143843	1762242560
35801145846	1762242560
35901144268	1762242560
36001145464	1762242560
36101144870	1762242560
36201147244	1762242560
36301146109	1762242560
36401143158	1762242560
36501148565	1762242560
36601148501	1762242560
36701146671	1762242560
36801148773	1762242560
36901144004	1762242560
37001147153	1762242560
37101143811	1762242560
37201127522	1762242560
37301143211	1762242560
37401145244	1762242560
37501142916	1762242560
37601148059	1762242560
37701125263	1762242560
37801145039	1762242560
37901147994	1762242560
38001146553	1762242560
38101144825	1762242560
38201143971	1762242560
38301142951	1762242560
38401145050	1762242560
38501143288	1762242560
38601145816	1762242560
38701142883	1762242560
38801144737	1762242560
38901145652	1762242560
39001131872	1762242560
39101144071	1762242560
39201125072	1762242560
39301144972	1762242560
39401149234	1762242560
39501145554	1762242560
39601145200	1762242560
39701148988	1762242560
39801149560	1762242560
39901148864	1762242560
40001143263	1762242560
40101146901	1762242560
40201124083	1762242560
40301148754	1762242560
40401145689	1762242560
40501150004	1762242560
40601147174	1762242560
40701137104	1762242560
40801466304	1762242560
40901138582	1762242560
41001137326	1762242560
41101136739	1762242560
41201136353	1762242560
41301138507	1762242560
41401136340	1762242560
41501140459	1762242560
41601138191	1762242560
41701135531	1762242560
41801153083	1762242560
41901145649	1762242560
42001150385	1762242560
42101149934	1762242560
42201139070	1762242560
42301140052	1762242560
42401140615	1762242560
42501141419	1762242560
42601137901	1762242560
42701137120	1762242560
42801137261	1762242560
42901137102	1762242560
43001137918	1762242560
43101134743	1762242560
43201143625	1762242560
43301138097	1762242560
43401135595	1762242560
43501140660	1762242560
43601138983	1762242560
43701136329	1762242560
43801138833	1762242560
43901139839	1762242560
44001140870	1762242560
44101136803	1762242560
44201138642	1762242560
44301137131	1762242560
44401137035	1762242560
44501139016	1762242560
44601137671	1762242560
44701135675	1762242560
44801155391	1762242560
44901145578	1762242560
45001147851	1762242560
45101138911	1762242560
45201133563	1762242560
45301152984	1762242560
45401143763	1762242560
45501144736	1762242560
45601376995	1762242560
45701137554	1762242560
45801153583	1762242560
45901149405	1762242560
46001149606	1762242560
46101149255	1762242560
46201146656	1762242560
46301148860	1762242560
46401145636	1762242560
46501151053	1762242560
46601149913	1762242560
46701131459	1762242560
46801148102	1762242560
46901148663	1762242560
47001149116	1762242560
47101145409	1762242560
47201144729	1762242560
47301151035	1762242560
47401148474	1762242560
47501151496	1762242560
47601146376	1762242560
47701147251	1762242560
47801149816	1762242560
47901148760	1762242560
48001150611	1762242560
48101138454	1762242560
48201131694	1762242560
48301138871	1762242560
48401137200	1762242560
48501134560	1762242560
48601133824	1762242560
48701134763	1762242560
48801134725	1762242560
48901156361	1762242560
49001144686	1762242560
49101146700	1762242560
49201147779	1762242560
49301145458	1762242560
49401155331	1762242560
49501145824	1762242560
49601143874	1762242560
49701147270	1762242560
49801154986	1762242560
49901147907	1762242560
50001132150	1762242560
50101133375	1762242560
50201137465	1762242560
50301156124	1762242560
50401147130	1762242560
50501139312	1762242560
50601141925	1762242560
50701136798	1762242560
50801142684	1762242560
50901134397	1762242560
51001137977	1762242560
51101133839	1762242560
51201138612	1762242560
51301134071	1762242560
51401139217	1762242560
51501139721	1762242560
51601140647	1762242560
51701138014	1762242560
51801139665	1762242560
51901139591	1762242560
52001135866	1762242560
52101129552	1762242560
52201133152	1762242560
52301135345	1762242560
52401138936	1762242560
52501137520	1762242560
52601138778	1762242560
52701134598	1762242560
52801158153	1762242560
52901144545	1762242560
53001149689	1762242560
53101147497	1762242560
53201126913	1762242560
53301144479	1762242560
53401125220	1762242560
53501145743	1762242560
53601138100	1762242560
53701135279	1762242560
53801138002	1762242560
53901136029	1762242560
54001139298	1762242560
54101134772	1762242560
54201133851	1762242560
54301138078	1762242560
54401136432	1762242560
54501140625	1762242560
54601139514	1762242560
54701136848	1762242560
54801140230	1762242560
54901140694	1762242560
55001138328	1762242560
55101140420	1762242560
55201138870	1762242560
55301156990	1762242560
55401130211	1762242560
55501144537	1762242560
55601147971	1762242560
55701145879	1762242560
55801143457	1762242560
55901148957	1762242560
56001146656	1762242560
56101146710	1762242560
56201146806	1762242560
56301144828	1762242560
56401147473	1762242560
56501149049	1762242560
56601144099	1762242560
56701121348	1762242560
56801147296	1762242560
56901141447	1762242560
57001139779	1762242560
57101138398	1762242560
57201137392	1762242560
57301152236	1762242560
57401147890	1762242560
57501150596	1762242560
57601150939	1762242560
57701127998	1762242560
57801146461	1762242560
57901147956	1762242560
58001144377	1762242560
58101147755	1762242560
58201149180	1762242560
58301147490	1762242560
58401147559	1762242560
58501146127	1762242560
58601148234	1762242560
58701126322	1762242560
58801148989	1762242560
58901137496	1762242560
59001135758	1762242560
59101136079	1762242560
59201313051	1762242560
59301140483	1762242560
59401330481	1762242560
59501136015	1762242560
59601156629	1762242560
59701144523	1762242560
59801147332	1762242560
59901145305	1762242560
60001125120	1762242560
60101144482	1762242560
60201144628	1762242560
60301141764	1762242560
60401148040	1762242560
60501142234	1762242560
60601143575	1762242560
60701146191	1762242560
60801145648	1762242560
60901146810	1762242560
61001147046	1762242560
61101131574	1762242560
61201143828	1762242560
61301149272	1762242560
61401365182	1762242560
61501136539	1762242560
61601134659	1762242560
61701138188	1762242560
61801136161	1762242560
61901140099	1762242560
62001133443	1762242560
62101141502	1762242560
62201140518	1762242560
62301139273	1762242560
62401136231	1762242560
62501134220	1762242560
62601133337	1762242560
62701139395	1762242560
62801147663	1762242560
62901142416	1762242560
63001141522	1762242560
63101141210	1762242560
63201130016	1762242560
63301155795	1762242560
63401152704	1762242560
63501139250	1762242560
63601139115	1762242560
63701151902	1762242560
63801145707	1762242560
63901138260	1762242560
64001139054	1762242560
64101141567	1762242560
64201139214	1762242560
64301137139	1762242560
64401141566	1762242560
64501136887	1762242560
64601135916	1762242560
64701138556	1762242560
64801138472	1762242560
64901138960	1762242560
65001137486	1762242560
65101138878	1762242560
65201137231	1762242560
65301135446	1762242560
65401136176	1762242560
65501133984	1762242560
65601137671	1762242560
65701130758	1762242560
65801133202	1762242560
65901138910	1762242560
66001137527	1762242560
66101138937	1762242560
66201134327	1762242560
66301139088	1762242560
66401139219	1762242560
66501138610	1762242560
66601138263	1762242560
66701136032	1762242560
66801154271	1762242560
66901414105	1762242560
67001540633	1762242560
67102016258	1762242560
67201129375	1762242560
67301150963	1762242560
67401146972	1762242560
67501146140	1762242560
67601146777	1762242560
67701146764	1762242560
67801153339	1762242560
67901147343	1762242560
68001151402	1762242560
68101146989	1762242560
68201149438	1762242560
68301147540	1762242560
68401147745	1762242560
68501130478	1762242560
68601143842	1762242560
68701134587	1762242560
68801144520	1762242560
68901139277	1762242560
69001140924	1762242560
69101139252	1762242560
69201138562	1762242560
69301130323	1762242560
69401136809	1762242560
69501137675	1762242560
69601136364	1762242560
69701136687	1762242560
69801142591	1762242560
69901137642	1762242560
70001156443	1762242560
70101144620	1762242560
70201128702	1762242560
70301149223	1762242560
70401140287	1762242560
70501139989	1762242560
70601138352	1762242560
70701136191	1762242560
70801152021	1762242560
70901148469	1762242560
71001139255	1762242560
71101140399	1762242560
71201137417	1762242560
71301150958	1762242560
71401144139	1762242560
71501146531	1762242560
71601146079	1762242560
71701123013	1762242560
71801145394	1762242560
71901141328	1762242560
72001138168	1762242560
72101138744	1762242560
72201137174	1762242560
72301137499	1762242560
72401141147	1762242560
72501138775	1762242560
72601138188	1762242560
72701137696	1762242560
72801138049	1762242560
72901139821	1762242560
73001138410	1762242560
73101136737	1762242560
73201138196	1762242560
73301137247	1762242560
73401137853	1762242560
73501136001	1762242560
73601139059	1762242560
73701136870	1762242560
73801154715	1762242560
73901302106	1762242560
74001148133	1762242560
74101139285	1762242560
74201138421	1762242560
74301155534	1762242560
74401143900	1762242560
74501135334	1762242560
74602093410	1762242560
74701150075	1762242560
74801157675	1762242560
74901148093	1762242560
75001143600	1762242560
75101146373	1762242560
75201148452	1762242560
75301144179	1762242560
75401145357	1762242560
75501142972	1762242560
75601144030	1762242560
75701144737	1762242560
75801148647	1762242560
75901128697	1762242560
76001146430	1762242560
76101148517	1762242560
76201129385	1762242560
76301144110	1762242560
76401139511	1762242560
76501138841	1762242560
76601138189	1762242560
76701134729	1762242560
76801142000	1762242560
76901139221	1762242560
77001140988	1762242560
77101140738	1762242560
77201134411	1762242560
77301154805	1762242560
77401144436	1762242560
77501144592	1762242560
77601150081	1762242560
77701146847	1762242560
77801151060	1762242560
77901144890	1762242560
78001145620	1762242560
78101138165	1762242560
78201138335	1762242560
78301138374	1762242560
78401140811	1762242560
78501137793	1762242560
78601137850	1762242560
78701136242	1762242560
78801140734	1762242560
78901139074	1762242560
79001139732	1762242560
79101138556	1762242560
79201136543	1762242560
79301140961	1762242560
79401136747	1762242560
79501136155	1762242560
79601156299	1762242560
79701144396	1762242560
79801146931	1762242560
79901143006	1762242560
80001128622	1762242560
80101143201	1762242560
80201125712	1762242560
80301146312	1762242560
80401141793	1762242560
80501135949	1762242560
80601140069	1762242560
80701135730	1762242560
80801151483	1762242560
80901144614	1762242560
81001147813	1762242560
81101147778	1762242560
81201145407	1762242560
81301145571	1762242560
81401146973	1762242560
81501145139	1762242560
81601143513	1762242560
81701145003	1762242560
81801146873	1762242560
81901141542	1762242560
82001125150	1762242560
82101147154	1762242560
82201129597	1762242560
82301147287	1762242560
82401137886	1762242560
82501142966	1762242560
82601137322	1762242560
82701774186	1762242560
82801152678	1762242560
82901145100	1762242560
83001143576	1762242560
83101145664	1762242560
83201146391	1762242560
83301146436	1762242560
83401145699	1762242560
83501145507	1762242560
83601146871	1762242560
83701130124	1762242560
83801145389	1762242560
83901145981	1762242560
84001143151	1762242560
84101147064	1762242560
84201127623	1762242560
84301152318	1762242560
84401351440	1762242560
84501143048	1762242560
84601140076	1762242560
84701137648	1762242560
84801138843	1762242560
84901139437	1762242560
85001140002	1762242560
85101139816	1762242560
85201140146	1762242560
85301140446	1762242560
85401139992	1762242560
85501138193	1762242560
85601139202	1762242560
85701135261	1762242560
85801152315	1762242560
85901148929	1762242560
86001146286	1762242560
86101134295	1762242560
86201148159	1762242560
86301145885	1762242560
86401146127	1762242560
86501143198	1762242560
86601145829	1762242560
86701127358	1762242560
86801147020	1762242560
86901143389	1762242560
87001145547	1762242560
87101149328	1762242560
87201148610	1762242560
87301149271	1762242560
87401149151	1762242560
87501139770	1762242560
87601142510	1762242560
87701138424	1762242560
87801152936	1762242560
87901148239	1762242560
88001146349	1762242560
88101146546	1762242560
88201123479	1762242560
88301144676	1762242560
88401152575	1762242560
88501146210	1762242560
88601148563	1762242560
88701126666	1762242560
88801147875	1762242560
88901147855	1762242560
89001146741	1762242560
89101144831	1762242560
89201129614	1762242560
89301143180	1762242560
89401144654	1762242560
89501148699	1762242560
89601147745	1762242560
89701146773	1762242560
89801145938	1762242560
89901145121	1762242560
90001148377	1762242560
90101146078	1762242560
90201146985	1762242560
90301144773	1762242560
90401149106	1762242560
90501146814	1762242560
90601151314	1762242560
90701137274	1762242560
90801141520	1762242560
90901140270	1762242560
91001138179	1762242560
91101137801	1762242560
91201143245	1762242560
91301142628	1762242560
91401137285	1762242560
91501136873	1762242560
91601136546	1762242560
91701138541	1762242560
91801154616	1762242560
91901143951	1762242560
92001145491	1762242560
92101144707	1762242560
92201129714	1762242560
92301128459	1762242560
92401147216	1762242560
92501152315	1762242560
92601145730	1762242560
92701128570	1762242560
92801150547	1762242560
92901139325	1762242560
93001135108	1762242560
93101156949	1762242560
93201133083	1762242560
93301152376	1762242560
93401151663	1762242560
93501150049	1762242560
93601149253	1762242560
93701148348	1762242560
93801150264	1762242560
93901148937	1762242560
94001152485	1762242560
94101149337	1762242560
94201134249	1762242560
94301134292	1762242560
94401148069	1762242560
94501141077	1762242560
94601137748	1762242560
94701134383	1762242560
94801142687	1762242560
94901141224	1762242560
95001141149	1762242560
95101135589	1762242560
95201131994	1762242560
95301139584	1762242560
95401141768	1762242560
95501142774	1762242560
95601137812	1762242560
95701140040	1762242560
95801136998	1762242560
95901158945	1762242560
96001146541	1762242560
96101131181	1762242560
96201148157	1762242560
96301157405	1762242560
96401149726	1762242560
96501135548	1762242560
96601138251	1762242560
96701138420	1762242560
96801140932	1762242560
96901141191	1762242560
97001140813	1762242560
97101140235	1762242560
97201140078	1762242560
97301157695	1762242560
97401145518	1762242560
97501150938	1762242560
97601142719	1762242560
97701141135	1762242560
97801142100	1762242560
97901390520	1762242560
98001138833	1762242560
98101141498	1762242560
98201342856	1762242560
98301160151	1762242560
98401147299	1762242560
98501141455	1762242560
98601136129	1762242560
98701139586	1762242560
98801145921	1762242560
98901148339	1762242560
99001149741	1762242560
99101139475	1762242560
99201138131	1762242560
99301163659	1762242560
99401152643	1762242560
99501157736	1762242560
99601142407	1762242560
99701138376	1762242560
99801142276	1762242560
99901136638	1762242560
100001137470	1762242560
100101142038	1762242560
100201136173	1762242560
100301140253	1762242560
100401142228	1762242560
100501144539	1762242560
100601141775	1762242560
100701138350	1762242560
100801155041	1762242560
100901147025	1762242560
101001148187	1762242560
101101140198	1762242560
101201140550	1762242560
101301139882	1762242560
101401141602	1762242560
101501140126	1762242560
101601141334	1762242560
101701138106	1762242560
101801139931	1762242560
101901139584	1762242560
102001140512	1762242560
102101145828	1762242560
102201166114	1762242560
102301149070	1762242560
102401149001	1762242560
102501141541	1762242560
102601144193	1762242560
102701138225	1762242560
102801141280	1762242560
102901137621	1762242560
103001142262	1762242560
103101141381	1762242560
103201139106	1762242560
103301159829	1762242560
103401145898	1762242560
103501144936	1762242560
103601146271	1762242560
103701158390	1762242560
103801163388	1762242560
103901147048	1762242560
104001138008	1762242560
104101138374	1762242560
104201139747	1762242560
104301146860	1762242560
104401146353	1762242560
104501150368	1762242560
104601149326	1762242560
104701148289	1762242560
104801151101	1762242560
104901147601	1762242560
105001147072	1762242560
105101147342	1762242560
105201145201	1762242560
105301165228	1762242560
105401146465	1762242560
105501150524	1762242560
105601150457	1762242560
105701147536	1762242560
105801145827	1762242560
105901155534	1762242560
106001143030	1762242560
106101146631	1762242560
106201134877	1762242560
106301135494	1762242560
106401144732	1762242560
106501139240	1762242560
106601138952	1762242560
106701136481	1762242560
106801154787	1762242560
106901153193	1762242560
107001146660	1762242560
107101145684	1762242560
107201162590	1762242560
107301151885	1762242560
107401147696	1762242560
107501148643	1762242560
107601153389	1762242560
107701154985	1762242560
107801156553	1762242560
107901148413	1762242560
108001147304	1762242560
108101146798	1762242560
108201128204	1762242560
108301152741	1762242560
108401149009	1762242560
108501149239	1762242560
108601139461	1762242560
108701139012	1762242560
108801153400	1762242560
108901147736	1762242560
109001146253	1762242560
109101147618	1762242560
109201125451	1762242560
109301144116	1762242560
109401145383	1762242560
109501149735	1762242560
109601142916	1762242560
109701126541	1762242560
109801147042	1762242560
109901354877	1762242560
110001136020	1762242560
110101140626	1762242560
110201147115	1762242560
110301136956	1762242560
110401145876	1762242560
110501139795	1762242560
110601135431	1762242560
110701148839	1762242560
110801156052	1762242560
110901915743	1762242560
111001147525	1762242560
111101153135	1762242560
111201154950	1762242560
111301157909	1762242560
111401156274	1762242560
111501147995	1762242560
111601148352	1762242560
111701141450	1762242560
111801141561	1762242560
111901137992	1762242560
112001140574	1762242560
112101144458	1762242560
112201136938	1762242560
112301141930	1762242560
112401140898	1762242560
112501138298	1762242560
112601134772	1762242560
112701141925	1762242560
112801133791	1762242560
112901144644	1762242560
113001148473	1762242560
113101143277	1762242560
113201125074	1762242560
113301152199	1762242560
113401155803	1762242560
113501151438	1762242560
113601147500	1762242560
113701149944	1762242560
113801146243	1762242560
113901147803	1762242560
114001139729	1762242560
114101159254	1762242560
114201125919	1762242560
114301144692	1762242560
114401137992	1762242560
114501147676	1762242560
114601139730	1762242560
114701136128	1762242560
114801135090	1762242560
114901150455	1762242560
115001137478	1762242560
115101137096	1762242560
115201136329	1762242560
115301153328	1762242560
115401146528	1762242560
115501148609	1762242560
115601148573	1762242560
115701125666	1762242560
115801146531	1762242560
115901146714	1762242560
116001143568	1762242560
116101145957	1762242560
116201148949	1762242560
116301145121	1762242560
116401146021	1762242560
116501145743	1762242560
116601143112	1762242560
116701125666	1762242560
116801142855	1762242560
116901133091	1762242560
117001145139	1762242560
117101146689	1762242560
117201151873	1762242560
117301145823	1762242560
117401143707	1762242560
117501122598	1762242560
117601142303	1762242560
117701145789	1762242560
117801148179	1762242560
117901145383	1762242560
118001144225	1762242560
118101146690	1762242560
118201124385	1762242560
118301145249	1762242560
118401147251	1762242560
118501144393	1762242560
118601146494	1762242560
118701148317	1762242560
118801147495	1762242560
118901123877	1762242560
119001145051	1762242560
119101143805	1762242560
119201146796	1762242560
119301142635	1762242560
119401143545	1762242560
119501144534	1762242560
119601145518	1762242560
119701143746	1762242560
119801143992	1762242560
119901149346	1762242560
120001144359	1762242560
120101144519	1762242560
120201147293	1762242560
120301144753	1762242560
120401144979	1762242560
120501145787	1762242560
120601145503	1762242560
120701142193	1762242560
120801143733	1762242560
120901146658	1762242560
121001147756	1762242560
121101149562	1762242560
121201145178	1762242560
121301145886	1762242560
121401145822	1762242560
121501144946	1762242560
121601142866	1762242560
121701146407	1762242560
121801145991	1762242560
121901145739	1762242560
122001142966	1762242560
122101143444	1762242560
122201146424	1762242560
122301145050	1762242560
122401146168	1762242560
122501149291	1762242560
122601144282	1762242560
122701128183	1762242560
122801144701	1762242560
122901146193	1762242560
123001130488	1762242560
123101147596	1762242560
123201134380	1762242560
123301136333	1762242560
123401137764	1762242560
123501134296	1762242560
123601135737	1762242560
123701138847	1762242560
123801157096	1762242560
123901149175	1762242560
124001137438	1762242560
124101140286	1762242560
124201140698	1762242560
124301142551	1762242560
124401137411	1762242560
124501337495	1762242560
124601137538	1762242560
124701134249	1762242560
124801139605	1762242560
124901136298	1762242560
125001132481	1762242560
125101137011	1762242560
125201136942	1762242560
125301155930	1762242560
125401145267	1762242560
125501146307	1762242560
125601147168	1762242560
125701145798	1762242560
125801145017	1762242560
125901148772	1762242560
126001145259	1762242560
126101146649	1762242560
126201128327	1762242560
126301401843	1762242560
126401143745	1762242560
126501145069	1762242560
126601146455	1762242560
126701126864	1762242560
126801142986	1762242560
126901146615	1762242560
127001144518	1762242560
127101145087	1762242560
127201125679	1762242560
127301145125	1762242560
127401145658	1762242560
127501144435	1762242560
127601144214	1762242560
127701144383	1762242560
127801147737	1762242560
127901147103	1762242560
128001143795	1762242560
128101143617	1762242560
128201149933	1762242560
128301139251	1762242560
128401139031	1762242560
128501140538	1762242560
128601387259	1762242560
128701135486	1762242560
128801154235	1762242560
128901871233	1762242560
129001833498	1762242560
129101350269	1762242560
129201364140	1762242560
129301146879	1762242560
129401145696	1762242560
129501149186	1762242560
129601151968	1762242560
129701914871	1762242560
129801142730	1762242560
129901150645	1762242560
130001138433	1762242560
130101136275	1762242560
130201140965	1762242560
130301136286	1762242560
130401140261	1762242560
130501140198	1762242560
130601139309	1762242560
130701137027	1762242560
130801153484	1762242560
130901146968	1762242560
131001146055	1762242560
131101145625	1762242560
131201129045	1762242560
131301150073	1762242560
131401909541	1762242560
131501142267	1762242560
131601146631	1762242560
131701145879	1762242560
131801144340	1762242560
131901144221	1762242560
132001124890	1762242560
132101146741	1762242560
132201144670	1762242560
132301145503	1762242560
132401150412	1762242560
132501144242	1762242560
132601147396	1762242560
132701767797	1762242560
132801143921	1762242560
132901148547	1762242560
133001148628	1762242560
133101145320	1762242560
133201143447	1762242560
133301138893	1762242560
133401140232	1762242560
133501140310	1762242560
133601138467	1762242560
133701135957	1762242560
133801152482	1762242560
133901147204	1762242560
134001138557	1762242560
134101136101	1762242560
134201140356	1762242560
134301156753	1762242560
134401149678	1762242560
134501135076	1762242560
134601144384	1762242560
134701146226	1762242560
134801138332	1762242560
134901138833	1762242560
135001136423	1762242560
135101139029	1762242560
135201157475	1762242560
135301133370	1762242560
135401146864	1762242560
135501138707	1762242560
135601348349	1762242560
135701137532	1762242560
135801155154	1762242560
135901141343	1762242560
136001144196	1762242560
136101127868	1762242560
136201143894	1762242560
136301911845	1762242560
136401149053	1762242560
136501143175	1762242560
136601143789	1762242560
136701143963	1762242560
136801145678	1762242560
136901144430	1762242560
137001146918	1762242560
137101146227	1762242560
137201145933	1762242560
137301146186	1762242560
137401145063	1762242560
137501146717	1762242560
137601148130	1762242560
137701145089	1762242560
137801148759	1762242560
137901142332	1762242560
138001145802	1762242560
138101143781	1762242560
138201149069	1762242560
138302135148	1762242560
138401146865	1762242560
138501137291	1762242560
138601152411	1762242560
138701125105	1762242560
138801150625	1762242560
138901146263	1762242560
139001149911	1762242560
139101501499	1762242560
139201127934	1762242560
139301145046	1762242560
139401131895	1762242560
139501144673	1762242560
139601147842	1762242560
139701144681	1762242560
139801143088	1762242560
139901145327	1762242560
140001145815	1762242560
140101144488	1762242560
140201129950	1762242560
140301144626	1762242560
140401146160	1762242560
140501146714	1762242560
140601143622	1762242560
140701149760	1762242560
140801146981	1762242560
140901143930	1762242560
141001146530	1762242560
141101147133	1762242560
141201146859	1762242560
141301144204	1762242560
141401128060	1762242560
141501145380	1762242560
141601143773	1762242560
141701145815	1762242560
141801148200	1762242560
141901145487	1762242560
142001143635	1762242560
142101147676	1762242560
142201144244	1762242560
142301145199	1762242560
142401143793	1762242560
142501144269	1762242560
142601145629	1762242560
142701126857	1762242560
142801146052	1762242560
142901146751	1762242560
143001148433	1762242560
143101146215	1762242560
143201127289	1762242560
143301148363	1762242560
143401326171	1762242560
143501135210	1762242560
143601137701	1762242560
143701133456	1762242560
143801136964	1762242560
143901137446	1762242560
144001137078	1762242560
144101145139	1762242560
144201133849	1762242560
144301136340	1762242560
144401138294	1762242560
144501140550	1762242560
144601141755	1762242560
144701134104	1762242560
144801137065	1762242560
144901139588	1762242560
145001134209	1762242560
145101137935	1762242560
145201137412	1762242560
145301139557	1762242560
145401138909	1762242560
145501138378	1762242560
145601137351	1762242560
145701133748	1762242560
145801153000	1762242560
145901147190	1762242560
146001145314	1762242560
146101143971	1762242560
146201145029	1762242560
146301145576	1762242560
146401145856	1762242560
146501143974	1762242560
146601142832	1762242560
146701144435	1762242560
146801155923	1762242560
146901146555	1762242560
147001405973	1762242560
147101148690	1762242560
147201123111	1762242560
147301151415	1762242560
147401152729	1762242560
147501147218	1762242560
147601131298	1762242560
147701126396	1762242560
147801151516	1762242560
147901148062	1762242560
148001148572	1762242560
148101146189	1762242560
148201135895	1762242560
148301714620	1762242560
148401148324	1762242560
148501147428	1762242560
148601149557	1762242560
148701130547	1762242560
148801150654	1762242560
148901137772	1762242560
149001135649	1762242560
149101138940	1762242560
149201139241	1762242560
149301140534	1762242560
149401138610	1762242560
149501139066	1762242560
149601133324	1762242560
149701135650	1762242560
149801155272	1762242560
149901147053	1762242560
150001138708	1762242560
150101138366	1762242560
150201135347	1762242560
150301138270	1762242560
150401140903	1762242560
150501141858	1762242560
150601138207	1762242560
150701137096	1762242560
150801140660	1762242560
150901139642	1762242560
151001139028	1762242560
151101136790	1762242560
151201137212	1762242560
151301154361	1762242560
151401143548	1762242560
151501145082	1762242560
151601146450	1762242560
151701142041	1762242560
151801145410	1762242560
151901147783	1762242560
152001149604	1762242560
152101146106	1762242560
152201146508	1762242560
152301146553	1762242560
152401150927	1762242560
152501145809	1762242560
152601146736	1762242560
152701126008	1762242560
152801146299	1762242560
152901143755	1762242560
153001145808	1762242560
153101144161	1762242560
153201145378	1762242560
153301145148	1762242560
153401143823	1762242560
153501144992	1762242560
153601147553	1762242560
153701127829	1762242560
153801144718	1762242560
153901146458	1762242560
154001147554	1762242560
154101143520	1762242560
154201144140	1762242560
154301145629	1762242560
154401146320	1762242560
154501144677	1762242560
154601144900	1762242560
154701146598	1762242560
154801146634	1762242560
154901146204	1762242560
155001145947	1762242560
155101145861	1762242560
155201130407	1762242560
155301144746	1762242560
155401146790	1762242560
155501145447	1762242560
155601142672	1762242560
155701147444	1762242560
155801144776	1762242560
155901146835	1762242560
156001145490	1762242560
156101145316	1762242560
156201126193	1762242560
156301144393	1762242560
156401145616	1762242560
156501147624	1762242560
156601143466	1762242560
156701122658	1762242560
156801142024	1762242560
156901145766	1762242560
157001145031	1762242560
157101148479	1762242560
157201124924	1762242560
157301142969	1762242560
157401143572	1762242560
157501142559	1762242560
157601148157	1762242560
157701148330	1762242560
157801128249	1762242560
157901143783	1762242560
158001148697	1762242560
158101143960	1762242560
158201125777	1762242560
158301148543	1762242560
158401138441	1762242560
158501140148	1762242560
158601324836	1762242560
158701135760	1762242560
158801140980	1762242560
158901139269	1762242560
159001361326	1762242560
159101139902	1762242560
159201135691	1762242560
159301137026	1762242560
159401135699	1762242560
159501134969	1762242560
159601137339	1762242560
159701135375	1762242560
159801138074	1762242560
159901138545	1762242560
160001136817	1762242560
160101136877	1762242560
160201136038	1762242560
160301135627	1762242560
160401134002	1762242560
160501134557	1762242560
160601138691	1762242560
160701131791	1762242560
160801152560	1762242560
160901147354	1762242560
161001146646	1762242560
161101140455	1762242560
161201140183	1762242560
161301138010	1762242560
161401140721	1762242560
161501141069	1762242560
161601139272	1762242560
161701130604	1762242560
161801136483	1762242560
161901136102	1762242560
162001136750	1762242560
162101141149	1762242560
162201139074	1762242560
162301139510	1762242560
162401142321	1762242560
162501140050	1762242560
162601136530	1762242560
162701133640	1762242560
162801140505	1762242560
162901139721	1762242560
163001139024	1762242560
163101137327	1762242560
163201134342	1762242560
163301155373	1762242560
163401150388	1762242560
163501146010	1762242560
163601144430	1762242560
163701149880	1762242560
163801145667	1762242560
163901147640	1762242560
164001127770	1762242560
164101149356	1762242560
164201127630	1762242560
164301148309	1762242560
164401139473	1762242560
164501700687	1762242560
164601149088	1762242560
164701146372	1762242560
164801141685	1762242560
164901141420	1762242560
165001140804	1762242560
165101136349	1762242560
165201138032	1762242560
165301156666	1762242560
165401150111	1762242560
165501139517	1762242560
165601140049	1762242560
165701136156	1762242560
165801137915	1762242560
165901138644	1762242560
166001138894	1762242560
166101156928	1762242560
166201143834	1762242560
166301146218	1762242560
166401145524	1762242560
166501148368	1762242560
166601920974	1762242560
166701146429	1762242560
166801149343	1762242560
166901145973	1762242560
167001148303	1762242560
167101148381	1762242560
167201147969	1762242560
167301136220	1762242560
167401140303	1762242560
167501307740	1762242560
167601139372	1762242560
167701139350	1762242560
167801155971	1762242560
167901149324	1762242560
168001144581	1762242560
168101144761	1762242560
168201131331	1762242560
168301145891	1762242560
168401144948	1762242560
168501145384	1762242560
168601149125	1762242560
168701123743	1762242560
168801149523	1762242560
168901143954	1762242560
169001146624	1762242560
169101149854	1762242560
169201146150	1762242560
169301151588	1762242560
169401145974	1762242560
169501147541	1762242560
169601145144	1762242560
169701124514	1762242560
169801147418	1762242560
169901140457	1762242560
170001136183	1762242560
170101136882	1762242560
170201137020	1762242560
170301136339	1762242560
170401152504	1762242560
170501142279	1762242560
170601147056	1762242560
170701131252	1762242560
170801148436	1762242560
170901148783	1762242560
171001147943	1762242560
171101145053	1762242560
171201146124	1762242560
171301142564	1762242560
171401146300	1762242560
171501149279	1762242560
171601144200	1762242560
171701129769	1762242560
171801147694	1762242560
171901146687	1762242560
172001144563	1762242560
172101146674	1762242560
172201126128	1762242560
172301145335	1762242560
172401146843	1762242560
172501143600	1762242560
172601148003	1762242560
172701122347	1762242560
172801150128	1762242560
172901147959	1762242560
173001151724	1762242560
173101139361	1762242560
173201135225	1762242560
173301151962	1762242560
173401151908	1762242560
173501137030	1762242560
173601138565	1762242560
173701136802	1762242560
173801142537	1762242560
173901136326	1762242560
174001142605	1762242560
174101140494	1762242560
174201136416	1762242560
174301160511	1762242560
174401145904	1762242560
174501151144	1762242560
174601146804	1762242560
174701144208	1762242560
174801145490	1762242560
174901149388	1762242560
175001153563	1762242560
175101146594	1762242560
175201144710	1762242560
175301155533	1762242560
175401354727	1762242560
175501152291	1762242560
175601146715	1762242560
175701148183	1762242560
175801588831	1762242560
175901586119	1762242560
176001928601	1762242560
176101151643	1762242560
176201142911	1762242560
176301157463	1762242560
176401146123	1762242560
176501144857	1762242560
176601145128	1762242560
176701124651	1762242560
176801147268	1762242560
176901352419	1762242560
177001161375	1762242560
177101152858	1762242560
177201133906	1762242560
177301148019	1762242560
177401142353	1762242560
177501135328	1762242560
177601139858	1762242560
177701135324	1762242560
177801142035	1762242560
177901142875	1762242560
178001136911	1762242560
178101131356	1762242560
178201134453	1762242560
178301124654	1762242560
178401149388	1762242560
178501139873	1762242560
178601173154	1762242560
178701135146	1762242560
178801153769	1762242560
178901148026	1762242560
179001144248	1762242560
179101145714	1762242560
179201148326	1762242560
179301144327	1762242560
179401143377	1762242560
179501148590	1762242560
179601142032	1762242560
179701144283	1762242560
179801144226	1762242560
179901145410	1762242560
180001144604	1762242560
180101145201	1762242560
180201149643	1762242560
180301144801	1762242560
180401145295	1762242560
180501144319	1762242560
180601146208	1762242560
180701146520	1762242560
180801143368	1762242560
180901146942	1762242560
181001146775	1762242560
181101145375	1762242560
181201135209	1762242560
181301156704	1762242560
181401149348	1762242560
181501145046	1762242560
181601147129	1762242560
181701130080	1762242560
181801145641	1762242560
181901149896	1762242560
182001147356	1762242560
182101146219	1762242560
182201147093	1762242560
182301140224	1762242560
182401139236	1762242560
182501140050	1762242560
182601140745	1762242560
182701138588	1762242560
182801154700	1762242560
182901148830	1762242560
183001143958	1762242560
183101145234	1762242560
183201149299	1762242560
183301145480	1762242560
183401145287	1762242560
183501147058	1762242560
183601130973	1762242560
183701144286	1762242560
183801147807	1762242560
183901152061	1762242560
184001143165	1762242560
184101144275	1762242560
184201148888	1762242560
184301147914	1762242560
184401134971	1762242560
184501147353	1762242560
184601152510	1762242560
184701146074	1762242560
184801149050	1762242560
184901146546	1762242560
185001150689	1762242560
185101145822	1762242560
185201125830	1762242560
185301147115	1762242560
185401144732	1762242560
185501145601	1762242560
185601150316	1762242560
185701125740	1762242560
185801144468	1762242560
185901138282	1762242560
186001138020	1762242560
186101138935	1762242560
186201137656	1762242560
186301155536	1762242560
186401149830	1762242560
186501130922	1762242560
186601146662	1762242560
186701126501	1762242560
186801149757	1762242560
186901142318	1762242560
187001138256	1762242560
187101138975	1762242560
187201138450	1762242560
187301157479	1762242560
187401149671	1762242560
187501147513	1762242560
187601150949	1762242560
187701134584	1762242560
187801143607	1762242560
187901143217	1762242560
188001139424	1762242560
188101143302	1762242560
188201140597	1762242560
188301157261	1762242560
188401145867	1762242560
188501148490	1762242560
188601145609	1762242560
188701127038	1762242560
188801146015	1762242560
188901150748	1762242560
189001146963	1762242560
189101151941	1762242560
189201141292	1762242560
189301158589	1762242560
189401150171	1762242560
189501156063	1762242560
189601153372	1762242560
189701132824	1762242560
189801152970	1762242560
189901149997	1762242560
190001152345	1762242560
190101151397	1762242560
190201129842	1762242560
190301150756	1762242560
190401140322	1762242560
190501139825	1762242560
190601141945	1762242560
190701138074	1762242560
190801148027	1762242560
190901142115	1762242560
191001139338	1762242560
191101139406	1762242560
191201139321	1762242560
191301142169	1762242560
191401140452	1762242560
191501140880	1762242560
191601138066	1762242560
191701139113	1762242560
191801158554	1762242560
191901152537	1762242560
192001148644	1762242560
192101151174	1762242560
192201140053	1762242560
192301142233	1762242560
192401145485	1762242560
192501141069	1762242560
192601137427	1762242560
192701141658	1762242560
192801139940	1762242560
192901140866	1762242560
193001139363	1762242560
193101138728	1762242560
193201164410	1762242560
193301135553	1762242560
193401349260	1762242560
193501139557	1762242560
193601139971	1762242560
193701135860	1762242560
193801159034	1762242560
193901147303	1762242560
194001147857	1762242560
194101139967	1762242560
194201138148	1762242560
194301140908	1762242560
194401139108	1762242560
194501147341	1762242560
194601160044	1762242560
194701147672	1762242560
194801142778	1762242560
194901138980	1762242560
195001138920	1762242560
195101141496	1762242560
195201146442	1762242560
195301156294	1762242560
195401150732	1762242560
195501147408	1762242560
195601144531	1762242560
195701144677	1762242560
195801146966	1762242560
195901159533	1762242560
196001151145	1762242560
196101152961	1762242560
196201127849	1762242560
196301147765	1762242560
196401140729	1762242560
196501226296	1762242560
196601149793	1762242560
196701148386	1762242560
196801158353	1762242560
196901156912	1762242560
197001158923	1762242560
197101150220	1762242560
197201154762	1762242560
197301153800	1762242560
197401150013	1762242560
197501152255	1762242560
197601365457	1762242560
197701136094	1762242560
197801141711	1762242560
197901140186	1762242560
198001138311	1762242560
198101139426	1762242560
198201140449	1762242560
198301140955	1762242560
198401143123	1762242560
198501140549	1762242560
198601351357	1762242560
198701137874	1762242560
198801137036	1762242560
198901143007	1762242560
199001144566	1762242560
199101143191	1762242560
199201146302	1762242560
199301995516	1762242560
199401147021	1762242560
199501145844	1762242560
199601143076	1762242560
199701865196	1762242560
199801144802	1762242560
199901916197	1762242560
200001148436	1762242560
200101148594	1762242560
200201154807	1762242560
200301149684	1762242560
200401151902	1762242560
200501150483	1762242560
200601152382	1762242560
200701136076	1762242560
200801148385	1762242560
200901155876	1762242560
201001146104	1762242560
201101151613	1762242560
201201143884	1762242560
201301139685	1762242560
201401141004	1762242560
201501150192	1762242560
201601144185	1762242560
201701138721	1762242560
201801160752	1762242560
201901151634	1762242560
202001147298	1762242560
202101145880	1762242560
202201154406	1762242560
202301151212	1762242560
202401155367	1762242560
202501157280	1762242560
202601153288	1762242560
202701130219	1762242560
202801145746	1762242560
202901145181	1762242560
203001155769	1762242560
203101145708	1762242560
203201130460	1762242560
203301146118	1762242560
203401149520	1762242560
203501149512	1762242560
203601148240	1762242560
203701152337	1762242560
203801154839	1762242560
203901156275	1762242560
204001149520	1762242560
204101147033	1762242560
204201125125	1762242560
204301146597	1762242560
204401148987	1762242560
204501199802	1762242560
204601144033	1762242560
204701147050	1762242560
204801136064	1762242560
204901133697	1762242560
205001136875	1762242560
205101132096	1762242560
205201155017	1762242560
205301144867	1762242560
205401144776	1762242560
205501147166	1762242560
205601144811	1762242560
205701145488	1762242560
205801143188	1762242560
205901142967	1762242560
206001142312	1762242560
206101147420	1762242560
206201123247	1762242560
206301145838	1762242560
206401143818	1762242560
206501147828	1762242560
206601411062	1762242560
206701134795	1762242560
206801328132	1762242560
206901137448	1762242560
207001136379	1762242560
207101135325	1762242560
207201137059	1762242560
207301145717	1762242560
207401176045	1762242560
207501143186	1762242560
207601144591	1762242560
207701144320	1762242560
207801142938	1762242560
207901143730	1762242560
208001146449	1762242560
208101142502	1762242560
208201147073	1762242560
208301157106	1762242560
208401144730	1762242560
208501148271	1762242560
208601145340	1762242560
208701144412	1762242560
208801146312	1762242560
208901138179	1762242560
209001139416	1762242560
209101157123	1762242560
209201144144	1762242560
209301146063	1762242560
209401147000	1762242560
209501146075	1762242560
209601142397	1762242560
209701144586	1762242560
209801146478	1762242560
209901142818	1762242560
210001145067	1762242560
210101145571	1762242560
210201147452	1762242560
210301147007	1762242560
210401144678	1762242560
210501144940	1762242560
210601147038	1762242560
210701146371	1762242560
210801144973	1762242560
210901143777	1762242560
211001147508	1762242560
211101145726	1762242560
211201143311	1762242560
211301144328	1762242560
211401147171	1762242560
211501146710	1762242560
211601145079	1762242560
211701126574	1762242560
211801150245	1762242560
211901909031	1762242560
212001145250	1762242560
212101150901	1762242560
212201149740	1762242560
212301144007	1762242560
212401142191	1762242560
212501144450	1762242560
212601149755	1762242560
212701137165	1762242560
212801139065	1762242560
212901138729	1762242560
213001138107	1762242560
213101136995	1762242560
213201138063	1762242560
213301357392	1762242560
213401136767	1762242560
213501137674	1762242560
213601342833	1762242560
213701136699	1762242560
213801139283	1762242560
213901137301	1762242560
214001140044	1762242560
214101138226	1762242560
214201137156	1762242560
214301135315	1762242560
214401149053	1762242560
214501141515	1762242560
214601138600	1762242560
214701137681	1762242560
214801140555	1762242560
214901136697	1762242560
215001135616	1762242560
215101140413	1762242560
215201137319	1762242560
215301138619	1762242560
215401137176	1762242560
215501137258	1762242560
215601134752	1762242560
215701142494	1762242560
215802642289	1762242560
215901154213	1762242560
216001147201	1762242560
216101138862	1762242560
216201323115	1762242560
216301144860	1762242560
216401139452	1762242560
216501139668	1762242560
216601137574	1762242560
216701134030	1762242560
216801138205	1762242560
216901138248	1762242560
217001137990	1762242560
217101140493	1762242560
217201136596	1762242560
217301155312	1762242560
217401149001	1762242560
217501140546	1762242560
217601139002	1762242560
217701135531	1762242560
217801137757	1762242560
217901138559	1762242560
218001138670	1762242560
218101137535	1762242560
218201137128	1762242560
218301139138	1762242560
218401138616	1762242560
218501142772	1762242560
218601138699	1762242560
218701135487	1762242560
218801138534	1762242560
218901138405	1762242560
219001138342	1762242560
219101138932	1762242560
219201139486	1762242560
219301139448	1762242560
219401142617	1762242560
219501137665	1762242560
219601141255	1762242560
219701138528	1762242560
219801137801	1762242560
219901137334	1762242560
220001142579	1762242560
220101136743	1762242560
220201138002	1762242560
220301156633	1762242560
220401149107	1762242560
220501138456	1762242560
220601133833	1762242560
220701137026	1762242560
220801138680	1762242560
220901139513	1762242560
221001137815	1762242560
221101138376	1762242560
221201134197	1762242560
221301156012	1762242560
221401151128	1762242560
221501146442	1762242560
221601143069	1762242560
221701146461	1762242560
221801150926	1762242560
221901148402	1762242560
222001149396	1762242560
222101148163	1762242560
222201148955	1762242560
222301151775	1762242560
222401148798	1762242560
222501147954	1762242560
222601143848	1762242560
222701128415	1762242560
222801147636	1762242560
222901149378	1762242560
223001148375	1762242560
223101146877	1762242560
223201135064	1762242560
223301151734	1762242560
223401153546	1762242560
223501139736	1762242560
223601135593	1762242560
223701140045	1762242560
223801144932	1762242560
223901146431	1762242560
224001146790	1762242560
224101147589	1762242560
224201122769	1762242560
224301142851	1762242560
224401144989	1762242560
224501146721	1762242560
224601144801	1762242560
224701128349	1762242560
224801146637	1762242560
224901143665	1762242560
225001146430	1762242560
225101147559	1762242560
225201138241	1762242560
225301154148	1762242560
225401126806	1762242560
225501145965	1762242560
225601147333	1762242560
225701143736	1762242560
225801144100	1762242560
225901147640	1762242560
226001146000	1762242560
226101143863	1762242560
226201147431	1762242560
226301141226	1762242560
226401139342	1762242560
226501143960	1762242560
226601137681	1762242560
226701134915	1762242560
226801140565	1762242560
226901140888	1762242560
227001140744	1762242560
227101139730	1762242560
227201136262	1762242560
227301150799	1762242560
227401140053	1762242560
227501136510	1762242560
227601138404	1762242560
227701137509	1762242560
227801138187	1762242560
227901135785	1762242560
228001137622	1762242560
228101185254	1762242560
228201137762	1762242560
228301153896	1762242560
228401151897	1762242560
228501145203	1762242560
228601147544	1762242560
228701130412	1762242560
228801146554	1762242560
228901148254	1762242560
229001148171	1762242560
229101148224	1762242560
229201130768	1762242560
229301149908	1762242560
229401139074	1762242560
229501136825	1762242560
229601153753	1762242560
229701126998	1762242560
229801146225	1762242560
229901143769	1762242560
230001145662	1762242560
230101143352	1762242560
230201147666	1762242560
230301147172	1762242560
230401150158	1762242560
230501139076	1762242560
230601141546	1762242560
230701141617	1762242560
230801143157	1762242560
230901138481	1762242560
231001138555	1762242560
231101137758	1762242560
231201139741	1762242560
231301137335	1762242560
231401139668	1762242560
231501141967	1762242560
231601137678	1762242560
231701136174	1762242560
231801137221	1762242560
231901137596	1762242560
232001140390	1762242560
232101138036	1762242560
232201141265	1762242560
232301139546	1762242560
232401171158	1762242560
232501144232	1762242560
232601130892	1762242560
232701129389	1762242560
232801141360	1762242560
232901301126	1762242560
233001143839	1762242560
233101149253	1762242560
233201127963	1762242560
233301142813	1762242560
233401139854	1762242560
233501139832	1762242560
233601139956	1762242560
233701136205	1762242560
233801151474	1762242560
233901148837	1762242560
234001145158	1762242560
234101147944	1762242560
234201127231	1762242560
234301146611	1762242560
234401139360	1762242560
234501137814	1762242560
234601137036	1762242560
234701132749	1762242560
234801137214	1762242560
234901143229	1762242560
235001137047	1762242560
235101141278	1762242560
235201137231	1762242560
235301153019	1762242560
235401145527	1762242560
235501146925	1762242560
235601129397	1762242560
235701145432	1762242560
235801146712	1762242560
235901145713	1762242560
236001148117	1762242560
236101140258	1762242560
236201140125	1762242560
236301141384	1762242560
236401140820	1762242560
236501137636	1762242560
236601132369	1762242560
236701132068	1762242560
236801138996	1762242560
236901141082	1762242560
237001140009	1762242560
237101137237	1762242560
237201140160	1762242560
237301159097	1762242560
237401148017	1762242560
237501146555	1762242560
237601147006	1762242560
237701137801	1762242560
237801141144	1762242560
237901138740	1762242560
238001141257	1762242560
238101142713	1762242560
238201137487	1762242560
238301155822	1762242560
238401149216	1762242560
238501142528	1762242560
238601140206	1762242560
238701138278	1762242560
238801161078	1762242560
238901150729	1762242560
239001145834	1762242560
239101145181	1762242560
239201147331	1762242560
239301144856	1762242560
239401148813	1762242560
239501141826	1762242560
239601138037	1762242560
239701139735	1762242560
239801156328	1762242560
239901923898	1762242560
240001147810	1762242560
240101151138	1762242560
240201150828	1762242560
240301147766	1762242560
240401149189	1762242560
240501149263	1762242560
240601152877	1762242560
240701132601	1762242560
240801147337	1762242560
240901144263	1762242560
241001146899	1762242560
241101146708	1762242560
241201127149	1762242560
241301150904	1762242560
241401147461	1762242560
241501151942	1762242560
241601151825	1762242560
241701127199	1762242560
241801145686	1762242560
241901139813	1762242560
242001136768	1762242560
242101139245	1762242560
242201137749	1762242560
242301388910	1762242560
242401141919	1762242560
242501430285	1762242560
242601345043	1762242560
242701137398	1762242560
242801139483	1762242560
242901139020	1762242560
243001138297	1762242560
243101139681	1762242560
243201136848	1762242560
243301157347	1762242560
243401547169	1762242560
243501154975	1762242560
243601160982	1762242560
243701127552	1762242560
243801130919	1762242560
243901148558	1762242560
244001146263	1762242560
244101146117	1762242560
244201148125	1762242560
244301149669	1762242560
244401146807	1762242560
244501153464	1762242560
244601148445	1762242560
244701149442	1762242560
244801148861	1762242560
244901149253	1762242560
245001150862	1762242560
245101150187	1762242560
245201147660	1762242560
245301136509	1762242560
245401137823	1762242560
245501145919	1762242560
245601147415	1762242560
245701135622	1762242560
245801149813	1762242560
245901138260	1762242560
246001156867	1762242560
246101145815	1762242560
246201145266	1762242560
246301149551	1762242560
246401146169	1762242560
246501150332	1762242560
246601142979	1762242560
246701139906	1762242560
246801156104	1762242560
246901148529	1762242560
247001148559	1762242560
247101141813	1762242560
247201161574	1762242560
247301156440	1762242560
247401147699	1762242560
247501150848	1762242560
247601152447	1762242560
247701149042	1762242560
247801149959	1762242560
247901144487	1762242560
248002344990	1762242560
248101167767	1762242560
248201155310	1762242560
248301159749	1762242560
248401150194	1762242560
248501147150	1762242560
248601149444	1762242560
248701157175	1762242560
248801138899	1762242560
248901140276	1762242560
249001143388	1762242560
249101143405	1762242560
249201153861	1762242560
249301156916	1762242560
249401143091	1762242560
249501145960	1762242560
249601146981	1762242560
249701148802	1762242560
249801145704	1762242560
249901143347	1762242560
250001156833	1762242560
250101161676	1762242560
250201125569	1762242560
250301144561	1762242560
250401143485	1762242560
250501155260	1762242560
250601152793	1762242560
250701145632	1762242560
250801142447	1762242560
250901141870	1762242560
251001144362	1762242560
251101147935	1762242560
251201147334	1762242560
251301145324	1762242560
251401145149	1762242560
251501154575	1762242560
251601145758	1762242560
251701132590	1762242560
251801156821	1762242560
251901127811	1762242560
252002259695	1762242560
252101151127	1762242560
252201123102	1762242560
252301144960	1762242560
252401337597	1762242560
252501147927	1762242560
252601137956	1762242560
252701135367	1762242560
252801318697	1762242560
252901136758	1762242560
253001139418	1762242560
253101138636	1762242560
253201137303	1762242560
253301134242	1762242560
253401135701	1762242560
253501134775	1762242560
253601135895	1762242560
253701132151	1762242560
253801136729	1762242560
253901135959	1762242560
254001135865	1762242560
254101138729	1762242560
254201137527	1762242560
254301138308	1762242560
254401139741	1762242560
254501146490	1762242560
254601161507	1762242560
254701124792	1762242560
254801145820	1762242560
254901146037	1762242560
255001146155	1762242560
255101147073	1762242560
255201126157	1762242560
255301144876	1762242560
255401144110	1762242560
255501146817	1762242560
255601142760	1762242560
255701144333	1762242560
255801149824	1762242560
255901340154	1762242560
256001136672	1762242560
256101137121	1762242560
256201153157	1762242560
256301146398	1762242560
256401136845	1762242560
256501135173	1762242560
256601133002	1762242560
256701139509	1762242560
256801141791	1762242560
256901143726	1762242560
257001145572	1762242560
257101149099	1762242560
257201139548	1762242560
257301135153	1762242560
257401139787	1762242560
257501137095	1762242560
257601137191	1762242560
257701138452	1762242560
257801141413	1762242560
257901138910	1762242560
258001137367	1762242560
258101134024	1762242560
258201135066	1762242560
258301157586	1762242560
258401148102	1762242560
258501137927	1762242560
258601137406	1762242560
258701138542	1762242560
258801135279	1762242560
258901133600	1762242560
259001138802	1762242560
259101139294	1762242560
259201136569	1762242560
259301155763	1762242560
259401147523	1762242560
259501144848	1762242560
259601145519	1762242560
259701122920	1762242560
259801144021	1762242560
259901145495	1762242560
260001148323	1762242560
260101148547	1762242560
260201143649	1762242560
260301146127	1762242560
260401149937	1762242560
260501331516	1762242560
260601138582	1762242560
260701136786	1762242560
260801136008	1762242560
260901140928	1762242560
261001912630	1762242560
261101147780	1762242560
261201137374	1762242560
261301135290	1762242560
261401157529	1762242560
261501145090	1762242560
261601146066	1762242560
261701147460	1762242560
261801149932	1762242560
261901146257	1762242560
262001149845	1762242560
262101147598	1762242560
262201146345	1762242560
262301134745	1762242560
262401146543	1762242560
262501147701	1762242560
262601146446	1762242560
262701128666	1762242560
262801149367	1762242560
262901136420	1762242560
263001142740	1762242560
263101156772	1762242560
263201147327	1762242560
263301146686	1762242560
263401145671	1762242560
263501150272	1762242560
263601146762	1762242560
263701125634	1762242560
263801149719	1762242560
263901149037	1762242560
264001147294	1762242560
264101146708	1762242560
264201133178	1762242560
264301149439	1762242560
264401151255	1762242560
264501138875	1762242560
264601139343	1762242560
264701137962	1762242560
264801138493	1762242560
264901138722	1762242560
265001141880	1762242560
265101138132	1762242560
265201137315	1762242560
265301137648	1762242560
265401142009	1762242560
265501139003	1762242560
265601138428	1762242560
265701135126	1762242560
265801138527	1762242560
265901136428	1762242560
266001134744	1762242560
266101138247	1762242560
266201138344	1762242560
266301159282	1762242560
266401147851	1762242560
266501138824	1762242560
266601139395	1762242560
266701135623	1762242560
266801131684	1762242560
266901148070	1762242560
267001147971	1762242560
267101147218	1762242560
267201149326	1762242560
267301148534	1762242560
267401151246	1762242560
267501141016	1762242560
267601140107	1762242560
267701138800	1762242560
267801154809	1762242560
267901144346	1762242560
268001145967	1762242560
268101145141	1762242560
268201129609	1762242560
268301144783	1762242560
268401133511	1762242560
268501147093	1762242560
268601145042	1762242560
268701147613	1762242560
268801143797	1762242560
268901147598	1762242560
269001146465	1762242560
269101145648	1762242560
269201125621	1762242560
269301142881	1762242560
269401148937	1762242560
269501147762	1762242560
269601147534	1762242560
269701147472	1762242560
269801145090	1762242560
269901151274	1762242560
270001146126	1762242560
270101148061	1762242560
270201124355	1762242560
270301145686	1762242560
270401147741	1762242560
270501145193	1762242560
270601143708	1762242560
270701141168	1762242560
270801139052	1762242560
270901135503	1762242560
271001156234	1762242560
271101142130	1762242560
271201147513	1762242560
271301144318	1762242560
271401147252	1762242560
271501145622	1762242560
271601148178	1762242560
271701123576	1762242560
271801145644	1762242560
271901145091	1762242560
272001146515	1762242560
272101146392	1762242560
272201127720	1762242560
272301146955	1762242560
272401138060	1762242560
272501137716	1762242560
272601141653	1762242560
272701136772	1762242560
272801154706	1762242560
272901147335	1762242560
273001144255	1762242560
273101145789	1762242560
273201126396	1762242560
273301144859	1762242560
273401145830	1762242560
273501147916	1762242560
273601383588	1762242560
273701138149	1762242560
273801139870	1762242560
273901138706	1762242560
274001139891	1762242560
274101139548	1762242560
274201138563	1762242560
274301138418	1762242560
274401139173	1762242560
274501142111	1762242560
274601137488	1762242560
274701158213	1762242560
274801149305	1762242560
274901132380	1762242560
275001138280	1762242560
275101135992	1762242560
275201138973	1762242560
275301155536	1762242560
275401147949	1762242560
275501146261	1762242560
275601146354	1762242560
275701137348	1762242560
275801142313	1762242560
275901137230	1762242560
276001147690	1762242560
276101167679	1762242560
276201128179	1762242560
276301147826	1762242560
276401549691	1762242560
276501565878	1762242560
276601146422	1762242560
276701304350	1762242560
276801146861	1762242560
276901148990	1762242560
277001139382	1762242560
277101139194	1762242560
277201137890	1762242560
277301140883	1762242560
277401140647	1762242560
277501139406	1762242560
277601136530	1762242560
277701134958	1762242560
277801140606	1762242560
277901139903	1762242560
278001138633	1762242560
278101140367	1762242560
278201141526	1762242560
278301159144	1762242560
278401145858	1762242560
278501148878	1762242560
278601145707	1762242560
278701143481	1762242560
278801145299	1762242560
278901150323	1762242560
279001138289	1762242560
279101137913	1762242560
279201137912	1762242560
279301153394	1762242560
279401146255	1762242560
279501139455	1762242560
279601139686	1762242560
279701140445	1762242560
279801140829	1762242560
279901138878	1762242560
280001138738	1762242560
280101141052	1762242560
280201140707	1762242560
280301158982	1762242560
280401154319	1762242560
280501148344	1762242560
280601148945	1762242560
280701130083	1762242560
280801151863	1762242560
280901149217	1762242560
281001149968	1762242560
281101149382	1762242560
281201130655	1762242560
281301149084	1762242560
281401151221	1762242560
281501149716	1762242560
281601149962	1762242560
281701148537	1762242560
281801150196	1762242560
281901138072	1762242560
282001139544	1762242560
282101137742	1762242560
282201135105	1762242560
282301139552	1762242560
282401140738	1762242560
282501141194	1762242560
282601137462	1762242560
282701137511	1762242560
282801139676	1762242560
282901139118	1762242560
283001139038	1762242560
283101137617	1762242560
283201135754	1762242560
283301139508	1762242560
283401138651	1762242560
283501140086	1762242560
283601135979	1762242560
283701136339	1762242560
283801141185	1762242560
283901137888	1762242560
284001141550	1762242560
284101139141	1762242560
284201138698	1762242560
284301157496	1762242560
284401145946	1762242560
284501147396	1762242560
284601145946	1762242560
284701144988	1762242560
284801144468	1762242560
284901145899	1762242560
285001149707	1762242560
285101144634	1762242560
285201126095	1762242560
285301147881	1762242560
285401147160	1762242560
285501146248	1762242560
285601144583	1762242560
285701129312	1762242560
285801149702	1762242560
285901143619	1762242560
286001137181	1762242560
286101136596	1762242560
286201138795	1762242560
286301137538	1762242560
286401136849	1762242560
286501142772	1762242560
286601140511	1762242560
286701138189	1762242560
286801139557	1762242560
286901160023	1762242560
287001145104	1762242560
287101148463	1762242560
287201146725	1762242560
287301147845	1762242560
287401145374	1762242560
287501147535	1762242560
287601147746	1762242560
287701147650	1762242560
287801146851	1762242560
287901143383	1762242560
288001145204	1762242560
288101149316	1762242560
288201127447	1762242560
288301165807	1762242560
288401151323	1762242560
288501163711	1762242560
288601166935	1762242560
288701168781	1762242560
288801156361	1762242560
288901494217	1762242560
289001941177	1762242560
289101150488	1762242560
289201125126	1762242560
289301149722	1762242560
289401145997	1762242560
289501151067	1762242560
289601153783	1762242560
289701146126	1762242560
289801148359	1762242560
289901148781	1762242560
290001163629	1762242560
290101149444	1762242560
290201146125	1762242560
290301158264	1762242560
290401148499	1762242560
290501150179	1762242560
290601140985	1762242560
290701137730	1762242560
290801138459	1762242560
290901143163	1762242560
291001143369	1762242560
291101139366	1762242560
291201139843	1762242560
291301158845	1762242560
291401152860	1762242560
291501148489	1762242560
291601141521	1762242560
291701142368	1762242560
291801143883	1762242560
291901143059	1762242560
292001142691	1762242560
292101143066	1762242560
292201142088	1762242560
292301149936	1762242560
292401150863	1762242560
292501152303	1762242560
292601137799	1762242560
292701139766	1762242560
292801141877	1762242560
292901153103	1762242560
293001142827	1762242560
293101162155	1762242560
293201148610	1762242560
293301162983	1762242560
293401152567	1762242560
293501149418	1762242560
293601148561	1762242560
293701128447	1762242560
293801144654	1762242560
293901149290	1762242560
294001152661	1762242560
294101146913	1762242560
294201144611	1762242560
294301144871	1762242560
294401373374	1762242560
294501140475	1762242560
294601149526	1762242560
294701134242	1762242560
294801134830	1762242560
294901143496	1762242560
295001136459	1762242560
295101139836	1762242560
295201139471	1762242560
295301152376	1762242560
295401219888	1762242560
295501146141	1762242560
295601145869	1762242560
295701143761	1762242560
295801147405	1762242560
295901145532	1762242560
296001145682	1762242560
296101143355	1762242560
296201142640	1762242560
296301146957	1762242560
296401145032	1762242560
296501146476	1762242560
296601145730	1762242560
296701144520	1762242560
296801146963	1762242560
296901144354	1762242560
297001144043	1762242560
297101126358	1762242560
297201127637	1762242560
297301145052	1762242560
297401137982	1762242560
297501138827	1762242560
297601137558	1762242560
297701135600	1762242560
297801137462	1762242560
297901135806	1762242560
298001137719	1762242560
298101139891	1762242560
298201137679	1762242560
298301154402	1762242560
298401145990	1762242560
298501147403	1762242560
298601146725	1762242560
298701128356	1762242560
298801147394	1762242560
298901142118	1762242560
299001137701	1762242560
299101135614	1762242560
299201139142	1762242560
299301155144	1762242560
299401148181	1762242560
299501146711	1762242560
299601145239	1762242560
299701145011	1762242560
299801144536	1762242560
299901148274	1762242560
300001149907	1762242560
300101146724	1762242560
300201144368	1762242560
300301147885	1762242560
300401148770	1762242560
300501148107	1762242560
300601144074	1762242560
300701125003	1762242560
300801143598	1762242560
300901147131	1762242560
301001145585	1762242560
301101143941	1762242560
301201405312	1762242560
301301134683	1762242560
301401147069	1762242560
301501168809	1762242560
301601146951	1762242560
301701143412	1762242560
301801144752	1762242560
301901146375	1762242560
302001148868	1762242560
302101146307	1762242560
302201124444	1762242560
302301147173	1762242560
302401142061	1762242560
302501136982	1762242560
302601136651	1762242560
302701139257	1762242560
302801156655	1762242560
302901148070	1762242560
303001149894	1762242560
303101145315	1762242560
303201148266	1762242560
303301148932	1762242560
303401130198	1762242560
303501142998	1762242560
303601139996	1762242560
303701137075	1762242560
303801135644	1762242560
303901134947	1762242560
304001137819	1762242560
304101137532	1762242560
304201134793	1762242560
304301136799	1762242560
304401136758	1762242560
304501138278	1762242560
304601137532	1762242560
304701134610	1762242560
304801135234	1762242560
304901149980	1762242560
305001147287	1762242560
305101152377	1762242560
305201130496	1762242560
305301132122	1762242560
305401151084	1762242560
305501138930	1762242560
305601136363	1762242560
305701135889	1762242560
305801139432	1762242560
305901138639	1762242560
306001137379	1762242560
306101140260	1762242560
306201139770	1762242560
306301151976	1762242560
306401144089	1762242560
306501145568	1762242560
306601148411	1762242560
306701125929	1762242560
306801147678	1762242560
306901139464	1762242560
307001141565	1762242560
307101139100	1762242560
307201137419	1762242560
307301137984	1762242560
307401140099	1762242560
307501343040	1762242560
307601137077	1762242560
307701135126	1762242560
307801137554	1762242560
307901140735	1762242560
308001139352	1762242560
308101139250	1762242560
308201137024	1762242560
308301141553	1762242560
308401139662	1762242560
308501141343	1762242560
308601137900	1762242560
308701135943	1762242560
308801141030	1762242560
308901143642	1762242560
309001141567	1762242560
309101140046	1762242560
309201136592	1762242560
309301154236	1762242560
309401310793	1762242560
309501144873	1762242560
309601146668	1762242560
309701146864	1762242560
309801147904	1762242560
309901139663	1762242560
310001140265	1762242560
310101138205	1762242560
310201137141	1762242560
310301156394	1762242560
310401149488	1762242560
310501140554	1762242560
310601139157	1762242560
310701138145	1762242560
310801154001	1762242560
310901145976	1762242560
311001343427	1762242560
311101139761	1762242560
311201138774	1762242560
311301155840	1762242560
311401124861	1762242560
311501228665	1762242560
311601150419	1762242560
311701144985	1762242560
311801146981	1762242560
311901149177	1762242560
312001145373	1762242560
312101145217	1762242560
312201146702	1762242560
312301140239	1762242560
312401140057	1762242560
312501141643	1762242560
312601141414	1762242560
312701135727	1762242560
312801140417	1762242560
312901139932	1762242560
313001143197	1762242560
313101138555	1762242560
313201138930	1762242560
313301156058	1762242560
313401148671	1762242560
313501147602	1762242560
313601148765	1762242560
313701127646	1762242560
313801148699	1762242560
313901147413	1762242560
314001146845	1762242560
314101142852	1762242560
314201147584	1762242560
314301163627	1762242560
314401155506	1762242560
314501139011	1762242560
314601319632	1762242560
314701152473	1762242560
314801152369	1762373632
314901141193	1762373632
315001147722	1762373632
315101139663	1762373632
315201141035	1762373632
315301151519	1762373632
315401139469	1762373632
315501233976	1762373632
315601153102	1762373632
315701138781	1762373632
315801141505	1762373632
315901138936	1762373632
316001133841	1762373632
316101133335	1762373632
316201133905	1762373632
316301154501	1762504704
316401142655	1762504704
316501148675	1762504704
316601146317	1762504704
316701139113	1762504704
316801140500	1762504704
316901131068	1762504704
317001134530	1762504704
317101129576	1762504704
317201123633	1762504704
317301126364	1762504704
317401127663	1762504704
317501133233	809152512
